{"10": {"true": {"degree_per_layer": {"0": {"mean": 1.0050251256281406, "stderr": 0.005012483782633752}, "1": {"mean": 2.1164021164021163, "stderr": 0.03405992075144035}, "2": {"mean": 2.089005235602094, "stderr": 0.029378638208058888}, "3": {"mean": 2.4037267080745344, "stderr": 0.06937578577452434}, "4": {"mean": 2.957627118644068, "stderr": 0.15735992836474266}, "5": {"mean": 3.343137254901961, "stderr": 0.1977842943058206}, "6": {"mean": 1.0778443113772456, "stderr": 0.022395548968013268}}, "num_nodes_per_layer": {"0": {"mean": 19.9, "stderr": 0.09486832980505137}, "1": {"mean": 18.9, "stderr": 0.3301514803843836}, "2": {"mean": 19.1, "stderr": 0.3860051813123756}, "3": {"mean": 16.1, "stderr": 0.5907622195096771}, "4": {"mean": 11.8, "stderr": 1.4338758663147935}, "5": {"mean": 10.2, "stderr": 1.2066482503198683}, "6": {"mean": 16.7, "stderr": 0.6172519744804386}}, "num_edges_per_layer": {"2>>3": {"mean": 19.9, "stderr": 0.09486832980505137}, "4>>5": {"mean": 16.1, "stderr": 1.0995453605922767}, "0>>1": {"mean": 20.0, "stderr": 0.0}, "5>>6": {"mean": 18.0, "stderr": 0.31622776601683794}, "3>>4": {"mean": 18.8, "stderr": 0.44271887242357305}, "1>>2": {"mean": 20.0, "stderr": 0.0}}}, "fake": {"degree_per_layer": {"0": {"mean": 1.0, "stderr": 0.0}, "1": {"mean": 2.1390374331550803, "stderr": 0.03719751145231301}, "2": {"mean": 2.1, "stderr": 0.03118171209178659}, "3": {"mean": 2.4683544303797467, "stderr": 0.07888365784749415}, "4": {"mean": 2.888888888888889, "stderr": 0.17754456863029117}, "5": {"mean": 3.3867924528301887, "stderr": 0.20214705262728686}, "6": {"mean": 1.169811320754717, "stderr": 0.032324287342770236}}, "num_nodes_per_layer": {"0": {"mean": 20.0, "stderr": 0.0}, "1": {"mean": 18.7, "stderr": 0.2846049894151541}, "2": {"mean": 19.0, "stderr": 0.282842712474619}, "3": {"mean": 15.8, "stderr": 0.5059644256269407}, "4": {"mean": 12.6, "stderr": 1.504659429904322}, "5": {"mean": 10.6, "stderr": 1.1242775458044156}, "6": {"mean": 15.9, "stderr": 0.7273238618387271}}, "num_edges_per_layer": {"2>>3": {"mean": 19.9, "stderr": 0.09486832980505137}, "4>>5": {"mean": 17.3, "stderr": 0.8723531395025755}, "0>>1": {"mean": 20.0, "stderr": 0.0}, "5>>6": {"mean": 18.6, "stderr": 0.3521363372331801}, "3>>4": {"mean": 19.1, "stderr": 0.29832867780352595}, "1>>2": {"mean": 20.0, "stderr": 0.0}}}}, "20": {"true": {"degree_per_layer": {"0": {"mean": 1.0, "stderr": 0.0}, "1": {"mean": 2.0, "stderr": 0.0}, "2": {"mean": 2.0, "stderr": 0.0}, "3": {"mean": 2.0408163265306123, "stderr": 0.02019884323695484}, "4": {"mean": 2.3154761904761907, "stderr": 0.06999548543527298}, "5": {"mean": 2.542483660130719, "stderr": 0.091962864507494}, "6": {"mean": 1.0101010101010102, "stderr": 0.007106327986681299}}, "num_nodes_per_layer": {"0": {"mean": 20.0, "stderr": 0.0}, "1": {"mean": 20.0, "stderr": 0.0}, "2": {"mean": 20.0, "stderr": 0.0}, "3": {"mean": 19.6, "stderr": 0.15491933384829665}, "4": {"mean": 16.8, "stderr": 1.129601699715435}, "5": {"mean": 15.3, "stderr": 0.970051545022222}, "6": {"mean": 19.8, "stderr": 0.12649110640673517}}, "num_edges_per_layer": {"2>>3": {"mean": 20.0, "stderr": 0.0}, "4>>5": {"mean": 18.9, "stderr": 0.5558776843874917}, "0>>1": {"mean": 20.0, "stderr": 0.0}, "5>>6": {"mean": 20.0, "stderr": 0.0}, "3>>4": {"mean": 20.0, "stderr": 0.0}, "1>>2": {"mean": 20.0, "stderr": 0.0}}}, "fake": {"degree_per_layer": {"0": {"mean": 1.0, "stderr": 0.0}, "1": {"mean": 2.030456852791878, "stderr": 0.017449868107332518}, "2": {"mean": 2.0100502512562812, "stderr": 0.010024967565267504}, "3": {"mean": 2.041025641025641, "stderr": 0.0189617386108227}, "4": {"mean": 2.2758620689655173, "stderr": 0.07465926932775023}, "5": {"mean": 2.535031847133758, "stderr": 0.08570544165187012}, "6": {"mean": 1.015228426395939, "stderr": 0.008724934053666259}}, "num_nodes_per_layer": {"0": {"mean": 20.0, "stderr": 0.0}, "1": {"mean": 19.7, "stderr": 0.14491376746189435}, "2": {"mean": 19.9, "stderr": 0.09486832980505137}, "3": {"mean": 19.5, "stderr": 0.21213203435596426}, "4": {"mean": 17.4, "stderr": 1.0019980039900278}, "5": {"mean": 15.7, "stderr": 1.0681760154581266}, "6": {"mean": 19.7, "stderr": 0.14491376746189435}}, "num_edges_per_layer": {"2>>3": {"mean": 20.0, "stderr": 0.0}, "4>>5": {"mean": 19.8, "stderr": 0.12649110640673517}, "0>>1": {"mean": 20.0, "stderr": 0.0}, "5>>6": {"mean": 20.0, "stderr": 0.0}, "3>>4": {"mean": 19.8, "stderr": 0.12649110640673517}, "1>>2": {"mean": 20.0, "stderr": 0.0}}}}, "30": {"true": {"degree_per_layer": {"0": {"mean": 1.0, "stderr": 0.0}, "1": {"mean": 2.0, "stderr": 0.0}, "2": {"mean": 2.0, "stderr": 0.0}, "3": {"mean": 2.0202020202020203, "stderr": 0.014212655973362598}, "4": {"mean": 2.0202020202020203, "stderr": 0.014212655973362598}, "5": {"mean": 2.380952380952381, "stderr": 0.07520263810456224}, "6": {"mean": 1.0101010101010102, "stderr": 0.007106327986681299}}, "num_nodes_per_layer": {"0": {"mean": 20.0, "stderr": 0.0}, "1": {"mean": 20.0, "stderr": 0.0}, "2": {"mean": 20.0, "stderr": 0.0}, "3": {"mean": 19.8, "stderr": 0.12649110640673517}, "4": {"mean": 19.8, "stderr": 0.12649110640673517}, "5": {"mean": 16.8, "stderr": 0.9465727652959385}, "6": {"mean": 19.8, "stderr": 0.12649110640673517}}, "num_edges_per_layer": {"2>>3": {"mean": 20.0, "stderr": 0.0}, "4>>5": {"mean": 20.0, "stderr": 0.0}, "0>>1": {"mean": 20.0, "stderr": 0.0}, "5>>6": {"mean": 20.0, "stderr": 0.0}, "3>>4": {"mean": 20.0, "stderr": 0.0}, "1>>2": {"mean": 20.0, "stderr": 0.0}}}, "fake": {"degree_per_layer": {"0": {"mean": 1.0, "stderr": 0.0}, "1": {"mean": 2.0, "stderr": 0.0}, "2": {"mean": 2.0, "stderr": 0.0}, "3": {"mean": 2.0050251256281406, "stderr": 0.005012483782633752}, "4": {"mean": 2.046153846153846, "stderr": 0.020884211882970138}, "5": {"mean": 2.247191011235955, "stderr": 0.05868665159059043}, "6": {"mean": 1.0050251256281406, "stderr": 0.005012483782633752}}, "num_nodes_per_layer": {"0": {"mean": 20.0, "stderr": 0.0}, "1": {"mean": 20.0, "stderr": 0.0}, "2": {"mean": 20.0, "stderr": 0.0}, "3": {"mean": 19.9, "stderr": 0.09486832980505137}, "4": {"mean": 19.5, "stderr": 0.25495097567963926}, "5": {"mean": 17.8, "stderr": 0.8099382692526634}, "6": {"mean": 19.9, "stderr": 0.09486832980505137}}, "num_edges_per_layer": {"2>>3": {"mean": 20.0, "stderr": 0.0}, "4>>5": {"mean": 20.0, "stderr": 0.0}, "0>>1": {"mean": 20.0, "stderr": 0.0}, "5>>6": {"mean": 20.0, "stderr": 0.0}, "3>>4": {"mean": 19.9, "stderr": 0.09486832980505137}, "1>>2": {"mean": 20.0, "stderr": 0.0}}}}, "40": {"true": {"degree_per_layer": {"0": {"mean": 1.0, "stderr": 0.0}, "1": {"mean": 2.0, "stderr": 0.0}, "2": {"mean": 2.0, "stderr": 0.0}, "3": {"mean": 2.030456852791878, "stderr": 0.017449868107332518}, "4": {"mean": 2.0202020202020203, "stderr": 0.014212655973362598}, "5": {"mean": 2.1052631578947367, "stderr": 0.03239931638163645}, "6": {"mean": 1.0, "stderr": 0.0}}, "num_nodes_per_layer": {"0": {"mean": 20.0, "stderr": 0.0}, "1": {"mean": 20.0, "stderr": 0.0}, "2": {"mean": 20.0, "stderr": 0.0}, "3": {"mean": 19.7, "stderr": 0.20248456731316586}, "4": {"mean": 19.8, "stderr": 0.12649110640673517}, "5": {"mean": 19.0, "stderr": 0.3464101615137754}, "6": {"mean": 20.0, "stderr": 0.0}}, "num_edges_per_layer": {"2>>3": {"mean": 20.0, "stderr": 0.0}, "4>>5": {"mean": 20.0, "stderr": 0.0}, "0>>1": {"mean": 20.0, "stderr": 0.0}, "5>>6": {"mean": 20.0, "stderr": 0.0}, "3>>4": {"mean": 20.0, "stderr": 0.0}, "1>>2": {"mean": 20.0, "stderr": 0.0}}}, "fake": {"degree_per_layer": {"0": {"mean": 1.0, "stderr": 0.0}, "1": {"mean": 2.0100502512562812, "stderr": 0.010024967565267506}, "2": {"mean": 2.0, "stderr": 0.0}, "3": {"mean": 2.0202020202020203, "stderr": 0.014212655973362598}, "4": {"mean": 2.0253807106598987, "stderr": 0.015120681825033132}, "5": {"mean": 2.0673575129533677, "stderr": 0.025448988314756837}, "6": {"mean": 1.0, "stderr": 0.0}}, "num_nodes_per_layer": {"0": {"mean": 20.0, "stderr": 0.0}, "1": {"mean": 19.9, "stderr": 0.09486832980505137},